{
    "accuracy": 0.882,
    "precision": 0.8825497265893002,
    "recall": 0.882,
    "auc": 0.9767351347384968
}